HLA-B*15:01	0.035949506
HLA-C*14:02	0.011530072
HLA-B*44:08	0.000274424
HLA-B*44:03	0.048847420
HLA-B*44:02	0.105653128
HLA-B*44:07	0.000274424
HLA-A*69:01	0.000820569
HLA-C*16:01	0.038329698
HLA-B*57:03	0.000548847
HLA-B*57:01	0.033479693
HLA-A*02:34	0.000273523
HLA-A*03:01	0.141411379
HLA-A*11:01	0.070842451
HLA-A*25:01	0.022428884
HLA-C*14:03	0.001246494
HLA-A*25:02	0.000547046
HLA-A*33:03	0.003829322
HLA-A*26:01	0.025984683
HLA-A*29:01	0.002188184
HLA-A*29:02	0.037472648
HLA-A*26:08	0.000820569
HLA-B*15:34	0.000274424
HLA-A*01:01	0.164113786
HLA-B*08:01	0.118002195
HLA-B*08:05	0.000548847
HLA-C*04:01	0.100966033
HLA-C*04:07	0.000623247
HLA-C*07:07	0.000311624
HLA-C*07:06	0.000311624
HLA-A*02:26	0.000273523
HLA-B*18:01	0.043633370
HLA-A*02:20	0.000273523
HLA-C*07:02	0.158928015
HLA-C*07:01	0.052976005
HLA-C*03:03	0.056403864
HLA-C*03:02	0.002181365
HLA-C*03:04	0.057650358
HLA-B*55:01	0.019484083
HLA-B*53:01	0.002744237
HLA-B*55:02	0.001646542
HLA-B*27:04	0.001097695
HLA-B*27:05	0.027991218
HLA-A*30:01	0.010667396
HLA-B*35:02	0.003567508
HLA-C*15:04	0.002804612
HLA-A*68:03	0.000820569
HLA-A*68:01	0.010940919
HLA-A*68:06	0.000273523
HLA-C*15:02	0.008725460
HLA-C*01:02	0.027734497
HLA-C*12:03	0.038641321
HLA-C*12:02	0.005609224
HLA-A*02:06	0.000820569
HLA-B*47:01	0.002744237
HLA-A*02:02	0.000820569
HLA-A*02:03	0.000273523
HLA-A*02:01	0.272155361
HLA-B*51:05	0.000274424
HLA-B*51:01	0.035949506
HLA-B*51:02	0.000548847
HLA-A*24:02	0.066466083
HLA-A*24:03	0.000820569
HLA-B*35:01	0.059275521
HLA-B*73:01	0.000548847
HLA-B*35:04	0.001646542
HLA-A*02:17	0.001094092
HLA-B*07:20	0.000274424
HLA-A*24:09N	0.000273523
HLA-B*07:26	0.000274424
HLA-C*08:01	0.000623247
HLA-B*52:01	0.004665203
HLA-B*51:18	0.000274424
HLA-B*14:02	0.031009879
HLA-B*35:10	0.000274424
HLA-B*35:14	0.000274424
HLA-B*38:02	0.000274424
HLA-B*40:06	0.001646542
HLA-B*08:04	0.001097695
HLA-B*40:02	0.007958288
HLA-B*40:01	0.049121844
HLA-B*51:27N	0.000274424
HLA-B*39:06	0.007135016
HLA-A*32:02	0.000820569
HLA-B*15:09	0.000548847
HLA-B*39:02	0.000274424
HLA-B*39:01	0.010153677
HLA-B*35:21	0.000274424
HLA-B*07:02	0.126509330
HLA-B*07:06	0.000274424
HLA-B*07:05	0.000823271
HLA-C*02:02	0.021813649
HLA-A*30:02	0.010120350
HLA-B*18:02	0.000274424
HLA-A*66:02	0.000273523
HLA-B*18:03	0.000274424
HLA-C*05:01	0.105640386
HLA-C*07:04	0.015581178
HLA-B*13:02	0.022228321
HLA-C*15:05	0.001558118
HLA-B*39:03	0.001097695
HLA-A*24:05	0.000273523
HLA-B*27:09	0.000274424
HLA-C*15:07	0.000934871
HLA-B*15:17	0.003018661
HLA-B*13:03	0.000274424